10;80;129
10;80;129
10;80;129
10;80;129
10;80;129
10;80;129
10;80;129
10;80;129
10;80;129
10;80;129
10;80;129
10;80;129
10;80;129
10;80;129
10;80;129
10;80;129
10;80;129
10;80;129
10;80;129
50;80;129
50;80;129
50;80;129
50;80;129
50;80;129
50;80;129
50;80;129
50;80;129
50;10;129
50;10;129
50;10;129
50;10;129
50;10;129
50;10;129
50;10;129
50;10;129
50;10;129
50;10;129
50;10;129
50;10;129
50;10;129
50;10;129
50;10;129
50;10;129
50;10;129
50;10;129
50;10;129
50;10;129
50;10;129
50;10;129
50;10;129
50;10;129
50;10;129
50;10;129
50;10;129
50;10;129
50;10;129
50;10;129
50;10;129
50;10;129
50;10;129
50;10;129
50;10;129
50;10;129
50;10;129
50;10;129
50;10;129
50;10;129
50;10;129
50;10;129
50;10;129
50;10;129
50;10;129
50;10;129
50;10;129
50;10;129
50;10;129
50;10;129
50;10;129
50;10;129
10;10;129
10;10;129
10;10;129
10;10;129
10;10;129
10;10;129
10;10;129
10;10;129
10;10;129
10;10;129
10;10;129
10;10;129
10;10;129
10;10;129
10;10;129
10;10;129
10;10;129
10;10;129
10;10;129
10;10;129
10;10;129
10;10;129
10;10;129
10;10;129
10;10;129
10;10;129
10;10;129
10;10;129
10;10;129
10;10;129
10;10;129
10;10;129
10;10;129
10;10;129
10;10;129
10;10;129
10;10;129
10;10;129
10;10;129
10;10;129
10;10;129
10;10;129
10;10;129
10;10;129
10;10;129
10;10;129
10;10;129
10;10;129
10;10;129
10;10;129
10;10;129
10;10;129
10;10;129
10;10;129
10;10;129
10;10;129
10;10;129
10;10;129
10;10;129
10;10;129
10;10;129
10;10;129
10;10;129
10;10;129
10;10;129
10;10;129
10;10;129
10;10;129
10;10;129
10;10;129
10;10;129
10;10;129
10;10;129
10;10;129
10;10;129
10;10;129
10;10;129
10;10;129
10;10;129
10;10;129
10;10;129
10;10;129
10;10;129
10;10;129
10;10;129
10;10;129
10;10;129
10;10;129
10;10;129
10;10;129
10;10;129
10;10;129
10;10;129
10;10;129
10;10;129
10;10;129
10;10;129
10;10;129
10;10;129
10;10;129
10;10;129
10;10;129
10;10;129
10;10;129
10;10;129
10;10;129
10;10;129
10;10;129
10;10;129
10;10;129
10;10;129
10;10;129
10;10;129
10;10;129
10;10;129
10;10;129
10;10;129
10;10;129
10;10;129
10;10;129
10;10;129
10;10;129
10;10;129
10;10;129
10;10;129
10;10;129
10;10;129
10;10;129
10;10;129
10;10;129
10;10;129
10;10;129
10;10;129
10;10;129
10;10;129
10;10;129
10;10;129
10;10;129
10;10;129
10;10;129
10;10;129
10;10;129
10;10;129
10;10;129
10;10;129
10;10;129
10;10;129
10;10;129
10;10;129
10;10;129
10;10;129
10;10;129
10;10;129
10;10;129
10;10;129
10;10;129
10;10;129
10;10;129
10;10;129
10;10;129
10;10;129
10;10;129
10;10;129
10;10;129
10;10;129
10;10;129
10;10;129
10;10;129
10;10;129
10;10;129
10;10;129
10;10;129
10;10;129
10;10;129
10;10;129
10;10;129
10;10;129
10;10;129
10;10;129
10;10;129
10;10;129
10;10;129
10;10;129
10;10;129
10;10;129
10;10;129
10;10;129
10;10;129
10;10;129
10;10;129
10;10;129
10;10;129
10;10;129
10;10;129
10;10;129
10;10;129
10;10;129
10;10;129
10;10;129
10;10;129
10;10;129
10;10;129
10;10;129
10;10;129
10;10;129
10;10;129
10;10;129
10;10;129
10;10;129
10;10;129
10;10;129
10;10;129
10;10;129
10;10;129
10;10;129
10;10;129
10;10;129
10;10;129
10;10;129
10;10;129
10;10;129
10;10;129
10;10;129
10;10;129
10;10;129
10;10;129
10;10;129
10;10;129
10;10;129
10;10;129
10;10;129
10;10;129
10;10;129
10;10;129
10;10;129
10;10;129
10;10;129
10;10;129
10;10;129
10;10;129
10;10;129
10;10;129
10;10;129
10;10;129
10;10;129
10;10;129
10;10;129
10;10;129
10;10;129
10;10;129
10;10;129
10;10;129
10;10;129
10;10;129
10;10;129
10;10;129
10;10;129
10;10;129
10;10;129
10;10;129
10;10;129
10;10;129
10;10;129
10;10;129
10;10;129
10;10;129
10;10;129
10;10;129
10;10;129
10;10;129
10;10;129
10;10;129
10;10;129
10;10;129
10;10;129
10;10;129
10;10;129
10;10;129
10;10;129
10;10;129
10;10;129
10;10;129
10;10;129
10;10;129
10;10;129
10;10;129
10;10;129
10;10;129
10;10;129
10;10;129
10;10;129
10;10;129
10;10;129
10;10;129
10;10;129
10;10;129
10;10;129
10;10;129
10;10;129
10;10;129
10;10;129
10;10;129
10;10;129
10;10;129
10;10;129
10;10;129
10;10;129
10;10;129
10;10;129
10;10;129
10;10;129
10;10;129
10;10;129
10;10;129
10;10;129
10;10;129
10;10;129
10;10;129
10;10;129
10;10;129
10;10;129
10;10;129
10;10;129
10;10;129
10;10;129
10;10;129
10;10;129
10;10;129
10;10;129
10;10;129
10;10;129
10;10;129
10;10;129
10;10;129
10;10;129
10;10;129
10;10;129
10;10;129
10;10;129
10;10;129
10;10;129
10;10;129
10;10;129
10;10;129
10;10;129
10;10;129
10;10;129
10;10;129
10;10;129
10;10;129
10;10;129
10;10;129
10;10;129
10;10;129
10;10;129
10;10;129
10;10;129
10;10;129
10;10;129
10;10;129
10;10;129
10;10;129
10;10;129
10;10;129
10;10;129
10;10;129
10;10;129
10;10;129
10;10;129
10;10;129
10;10;129
10;10;129
10;10;129
10;10;129
10;10;129
10;10;129
10;10;129
10;10;129
10;10;129
10;10;129
10;10;129
10;10;129
10;10;129
10;10;129
10;10;129
10;10;129
10;10;129
10;10;129
10;10;129
10;10;129
10;10;129
10;10;129
10;10;129
10;10;129
10;10;129
10;10;129
10;10;129
10;10;129
10;10;129
10;10;129
10;10;129
10;10;129
10;10;129
10;10;129
10;10;129
10;10;129
10;10;129
10;10;129
10;10;129
10;10;129
10;10;129
10;10;129
10;10;129
10;10;129
10;10;129
10;10;129
10;10;129
10;10;129
10;10;129
10;10;129
10;10;129
10;10;129
10;10;129
10;10;129
10;10;129
10;10;129
10;10;129
10;10;129
10;10;129
10;10;129
10;10;129
10;10;129
10;10;129
10;10;129
10;10;129
10;10;129
10;10;129
10;10;129
10;10;129
10;10;129
10;10;129
10;10;129
10;10;129
10;10;129
10;10;129
10;10;129
10;10;129
10;10;129
10;10;129
10;10;129
10;10;129
10;10;129
10;10;129
10;10;129
10;10;129
10;10;129
10;10;129
10;10;129
10;10;129
10;10;129
10;10;129
10;10;129
10;10;129
10;10;129
10;10;129
10;10;129
10;10;129
10;10;129
10;10;129
10;10;129
10;10;129
10;10;129
10;10;129
10;10;129
10;10;129
10;10;129
10;10;129
10;10;129
10;10;129
10;10;129
10;10;129
10;10;129
10;10;129
10;10;129
10;10;129
10;10;129
10;10;129
10;10;129
10;10;129
10;10;129
10;10;129
10;10;129
10;10;129
10;10;129
10;10;129
10;10;129
10;10;129
10;10;129
10;10;129
10;10;129
10;10;129
10;10;129
10;10;129
10;10;129
10;10;129
10;10;129
10;10;129
10;10;129
10;10;129
10;10;129
10;10;129
10;10;129
10;10;129
10;10;129
10;10;129
10;10;129
10;10;129
10;10;129
10;10;129
10;10;129
10;10;129
10;10;129
10;10;129
10;10;129
10;10;129
10;10;129
10;10;129
10;10;129
10;10;129
10;10;129
10;10;129
10;10;129
10;10;129
10;10;129
10;10;129
10;10;129
10;10;129
10;10;129
10;10;129
10;10;129
10;10;129
10;10;129
10;10;129
10;10;129
10;10;129
10;10;129
10;10;129
10;10;129
10;10;129
10;10;129
10;10;129
10;10;129
10;10;129
10;10;129
